{"version":3,"hash":{"type":"Buffer","data":"WHmGrKsAANkEMyaMcpVKhw0ZXpr6bAgl2rxG5ZK2SAS3C8lOL652y6DEIrr0Ufthkm5Izfr63nT+/UoNZsBH8SsfxzLDVux9JgFWG8Zw8w3QppIFw+aoJLMLuY34E6tt6A0GPOOzg4M1X2j+v8w85J5SfrfVmvLHcsz5ye7ef8Y="},"indexValueMap":{"dEG6Lt3duk5nsY8bxHan3N+AQ5LEkrPSE6q4zJVvsns=":{"valueMac":{"type":"Buffer","data":"wmIeEQYNOgz3H0f1alrp0/GQ6C2XkkBolpLcCi3vYdM="}},"fWXc3oAzp0Sm+An8Vq/x+aO/J9hCy3e7MEvA8k/TBPQ=":{"valueMac":{"type":"Buffer","data":"DmBuZwmUvi3PWScR9y3CXaEbfKBy08UW9onf7ypMV0c="}},"O3QSEDQJQMURH9jeNfJ8TL/H9+xktlBxXJikSGTXPYs=":{"valueMac":{"type":"Buffer","data":"Y7g8locOEWSphN5WFXqEPdVaZAS6EIsLUGw5UNzi3gU="}},"RoIiqoqEx47yJuBnU7vB+BfUKhgLsdG5DB9D8amgX+8=":{"valueMac":{"type":"Buffer","data":"EoXujQaEPX/r6Wtou8+2yG4BT5a26ZQdqZvyZkdo6OY="}},"D1AKvUzs0enCvQRewBWG2AvMrbjmV/hkNjlTe0seC7Y=":{"valueMac":{"type":"Buffer","data":"DgZWK5EeFCdXAgnPQYnOXvum1jm1P8YW0D4+6Aypxns="}}}}