{"version":10,"hash":{"type":"Buffer","data":"QnbgRSde8yfa/Hx0RjpH4RuN+0mWIBhphScz6D15GZ15VMfbBmU0rnRVKv8cx4u1ELo8U8lh6vj6clOc4CLxf1fW/pAtTPFUMrzBQvl6Ngl3l0hGp6QPIuDHT08kvSQORxB1jRy62thcDC+mJ7o8CrVjukOxdJ3D7x/Yq1R4TN0="},"indexValueMap":{"A6/bqMF5OMO19wAQWR55oYX/r6lQvPrkEmrAo8Y1yJ4=":{"valueMac":{"type":"Buffer","data":"ga2v2NdpdTCNM4NNcup1fRd3zmRXTKXo0niJD2N4YPE="}},"BVqMPIqWUkwNQD4Ga0RPjRGlKO2ZWlfFF8mBZ5n9hCs=":{"valueMac":{"type":"Buffer","data":"DV45dXyGxkxe9yvcqnl6+4kndUWtaHYcToGz0eRnM34="}},"C7jcZ/ix04eO0+BqZ2zsHSxRAecEit8Mt2c+TA4CYdE=":{"valueMac":{"type":"Buffer","data":"RMdgUe9yc3V6S8Rt15doUj6q8vmymzPzTlWpcTMKAnc="}},"GToQ2RSvZLKajfTWInDJ6t8ZG147yLWUXRSeDrfBWso=":{"valueMac":{"type":"Buffer","data":"ZFYZLu6qSux6uF0cp+9EpIF5flhl0wvz/RwGXxOHSRY="}},"JR/nqlkK7S72Gvso4mqSSAPF7nb666SltBuZMKWUzfk=":{"valueMac":{"type":"Buffer","data":"NLDq+wWii+oFP2viYeEsWBXdP06CA4ZfOY+aZnNi+pA="}},"NQOxsc03iD2LyBNOAGYC5QnjaZIxCK/VRWTktEVbrCU=":{"valueMac":{"type":"Buffer","data":"53VewQNYyBQaV2via5nCuTRu/tlSiwNZGrus+LJ9bPE="}},"NXfTd6nFivdP3EG4IkGs9cwOg0NCMo6vC6dOy/bKJiA=":{"valueMac":{"type":"Buffer","data":"lPBS/CTsoSPjkvLNc3+CDtAFpi9SGw88ZDYahsTWE4E="}},"QeUv4N6jGT2V+D6vEmZSQbGQ+XqVGQ2WxHk/jKKcnvQ=":{"valueMac":{"type":"Buffer","data":"cjYr/JyLRyGuDe0ek5BoMP9qaTRCL+q5UtRvFj9aG0M="}},"RmXslpjS2Ijsx6oDixMJgjmftF5mkqSFMf2Mj7w4cIY=":{"valueMac":{"type":"Buffer","data":"+VHdPzu0Eio52/VxmqtMGepJ7J85G/OY0Fqn1od0EfQ="}},"Tuwl/Gg+6V5pIizHVdl/e6aRtQeVBh6cJ7z2cN15toA=":{"valueMac":{"type":"Buffer","data":"tZxwbb6Q6SRyj6YjgsVJDwhkPosU9V03kYrADAzm3LU="}},"US27AIpNSf2qKdIE6XvFh9vYrP1vbXTeST0nmqaRKFs=":{"valueMac":{"type":"Buffer","data":"AtTbUryGmKcmnjDJsK7MDG8vhAwBf4FxzjvQBQSnrzM="}},"VokSaelGCl+fIX7M2NeOtEqtTzgC/m5wF8IB1K3Q3uE=":{"valueMac":{"type":"Buffer","data":"Zk7pSwWy31rRqXFe8V9Qi6IuGCVx+SROSc2df8VrAC8="}},"Xefi0kjny7vSv2mP3bl4fIn7Y6LY5jGE4mKB0Y7wncs=":{"valueMac":{"type":"Buffer","data":"EJFyOXfU2XVfpkBuH88+c1YxhNF29smT4LFTK7jZKp4="}},"YKhdF/Cmg3Groe8Ql3vXIKUL05YcSkSvxPgrYeD4Kmk=":{"valueMac":{"type":"Buffer","data":"C1BE83DAGd3semjlBT+X4c8Gm6bUK+Qq6/RzLMsdf8o="}},"aDNLnulmD15WMPyUv3yBo6xz0L8mcq3+/ztOOn8Jsa4=":{"valueMac":{"type":"Buffer","data":"yma3Jg6OWU2PVTkMBtByxQtRaqC7it+u1cvHKWv2hYw="}},"bxJx0PULdmNpoxRL8cmqQB2H9jX4eM6LiXm/z2Hib+A=":{"valueMac":{"type":"Buffer","data":"c55cTIS7a54FgZlDOQFsE2Njfc0d/qH2h/wg4esQ/kM="}},"b/Ls2nZ+VJO19OQLSKJeZvyf824HJ/BGoMIFQVyR6qw=":{"valueMac":{"type":"Buffer","data":"ItC1dO7cpAdUbknJk3+O9RjSyAuJ85ihAjCJCs5NPhI="}},"dMsjYZhQ9fvo7iISL2X+lSpidmXxcqHPhK9hQIYIUpI=":{"valueMac":{"type":"Buffer","data":"F0RN6LyikiJcu24EN+rzJxaA6PW0igcepbJlt1B0zFc="}},"eVjyJYw/7oAEJtdTkl21ygGKB8lxKzvtltQAdQUw3h8=":{"valueMac":{"type":"Buffer","data":"JIGxktOYNSF7Xj7IP6/BynXVMthQJXt3enVga8BL1HQ="}},"eaLxQ7hsTJm7w9JnJpcT2uQ0+Kdm3eo1/5C52KBBLno=":{"valueMac":{"type":"Buffer","data":"8BxwGglwfcIepP0WpWyJeijIX7LWbC4Uhsey5Uh1kW4="}},"e0pW1cilxCCZ96CCJ5a/EQfn2Ls7zHnRtDW/evHzQcI=":{"valueMac":{"type":"Buffer","data":"YZc2ryYP+EERvOoO7g4Sv51Uezu6GL0td9YdTbfdy3c="}},"hhSwQGLeIWGQToFP5LQ40PEcZdugOt0GoF/Cr6LcyfU=":{"valueMac":{"type":"Buffer","data":"OpbttMPmhLW6nVP1+e+Vq6T802jfjpFwsNK6n+x1Dag="}},"h2Pwq8q5iqr7SA3mMWiRGAFkQ5Wsutex6iaYUBIDXAo=":{"valueMac":{"type":"Buffer","data":"Y8upny3NCkWJHqWDeNBPxT8qakhaPFsu4ZMve5NG9Co="}},"jdU9KkQ/2MM3QvrGZ0yOXGF+JImStDk2Nd1ve9p1ITQ=":{"valueMac":{"type":"Buffer","data":"/7BHxmbOaOkxTahBusNzZ7ox6s1QGWQKLN1zEoFtlsU="}},"jpTFztY2wmkl2oP1z9X0xe49KnTQbC07myagPplrAqs=":{"valueMac":{"type":"Buffer","data":"aHjkFjI3AMLnQeKjjfk9N6uymmwOzjy6iHorhttWNvY="}},"j4nDaPYtLKQ8OJZ6yjpa3Wl7bhN4IspOgVu9R2imBl0=":{"valueMac":{"type":"Buffer","data":"aNPpMz6PYDWj39OwmOEKFfM/LF+qtRTumnwWXmh2f2Y="}},"kGg4O1SnmuIXTKQkGk+mB2z7doKvlGIRRezj+ZjT840=":{"valueMac":{"type":"Buffer","data":"Er/V0EAof6wOPUMTnikiaKJznMIL1C4fOBJ9FqkWb24="}},"kYMaZiwHGQ0X4pB9D3j2g7YaZlomXzdRTApzcCPn37s=":{"valueMac":{"type":"Buffer","data":"qpUyGD96jMXQoQFOl/LOYr8COAJaItck0+b8sRW++Uw="}},"kvnQScc4CLMoDfkjh66Qmdx3TlMrT7CTKA8LXu4TiMQ=":{"valueMac":{"type":"Buffer","data":"7M//vQuYzm9gisPh9cvwJTU4fciL7ffAcqTiat7aH28="}},"lycfvAm0I8NRT4tXTAul03ZG+nxaUVlmqJQlzZULOrA=":{"valueMac":{"type":"Buffer","data":"htIMiMk2sZRviGeO40oyMGTW965elRFLbNbxegSO9oc="}},"r/Ur6IjH2R3orBQT7mvtrr3VQS8TDvRtWYx/baow8n4=":{"valueMac":{"type":"Buffer","data":"LUMtzPPTa2Qu8W7GXBElWlSdRKMoIXNHAJ4W49iVsiQ="}},"sF6L+weVYYTzGBoIF96M4yd6HWmtLpzmHcUepgI9S9o=":{"valueMac":{"type":"Buffer","data":"70qqXuFPMpBJByaHudVyCRSArAiG8KeYWzo1tmLezi0="}},"usN2TAVHCabYj9WecfHGArCPLufuakFe7Z4/I+CS8iA=":{"valueMac":{"type":"Buffer","data":"L8JOcPKTzS4otFAY4w8nkBFgwkY8yxoxQgIQcC2LOyA="}},"xRwX3TqGBAonM5eic9z0hQhJ/GCyRN/RZmlUuW4cDwg=":{"valueMac":{"type":"Buffer","data":"UupkE3UcwvKs9Ue/BBiy/JVg7dqlMQ+zZUpjqAfTZHk="}},"yuAqUbxnBEdRIiOKaqe7nR2cUeXL4PhOfg0jvZi5KM4=":{"valueMac":{"type":"Buffer","data":"UnAzLOu3u0bYF6mgzjNKL/bCLhbFRXgJe/9r+idF05Q="}},"y5Sg2mEGahoVAFsL4pEtmSxsmQ3YoIAMgoPMO5YzjtY=":{"valueMac":{"type":"Buffer","data":"zUdzj1aWjoivc9Idy1EUBL/lEkfnzAXaIETqwZp6oPA="}},"zSlf5mAORjDrVXcXkszFX9Wntm1YIbDbmYmrNX5slUE=":{"valueMac":{"type":"Buffer","data":"vH8wGlssTg8ENkkGwq3qrpdzq82dv0cJb1Sy3A4lP7s="}},"znnrALJ2Hjg+WFuohoHHHlJScnCE1yw5vN3YuLMVk7M=":{"valueMac":{"type":"Buffer","data":"EAZnS/oKsij0mNUZGmDfCBVa7MjcFWHxO8DztKlkFPQ="}},"03DUXr3Jjk5j5ZOU5vw7/64ayqLLDcA4hvqM7FoEfCI=":{"valueMac":{"type":"Buffer","data":"eIm3vj3srMZY8V2nlEuMUc2HDFUMjNNW8eURayfkrW8="}},"0/Sr8SOENP5sXie81qX/ePGXTTv/u4fAJy66O2SkBv8=":{"valueMac":{"type":"Buffer","data":"y8mhXsTrygbqjH99RBS6jjNeUiq2orDEF4AJGDB2XDg="}},"1YAfipX/lR9+aJ5zEX36+aVNzJlZa3//8rNFJTX571U=":{"valueMac":{"type":"Buffer","data":"ERYFjoBHChCfsp7ECvOyU/nNYqIufiYGOZifDRs60kE="}},"3vHw0iF2ci9ENU/b4tp9Ul3PNvrxF5pZyJkyNWvohkQ=":{"valueMac":{"type":"Buffer","data":"I+UrFw2RI+4gg72ZRj5l+yDBepqG7Xk+WUAIsqKvJxc="}},"5E4fqT0IWKX+ByDkKGKy5R95u8dpB5/cHGrTFypuo84=":{"valueMac":{"type":"Buffer","data":"rx8V47iylGi7xEAQL9KraPnZpOK6GzXiM3QhXYORRJ8="}},"5nBIujWqddNqN4lMJD4gchayL+GCaWb20dsdojus2sI=":{"valueMac":{"type":"Buffer","data":"U6Vg/keShHDSwdA0e9mKLhfRosHLvRTDIsQUMLFtw3g="}},"7mm4rgG6YflL2R8ncMTeCeennl/NJjhbCuNl3fLwiu0=":{"valueMac":{"type":"Buffer","data":"aUnj+w7edsETPuS6G6VoRGnevx0r3O65nHQFmdw4xeU="}},"7404llptD4qYzzHucUot/UiIsPEcCsEMJOcsbTlmi7Q=":{"valueMac":{"type":"Buffer","data":"iVJ575GVl4R2DO+EygNahTU4patq2y/SrUN5xl95Bto="}},"8JTOUkRdrRCIQwzSanF2OC7/BroB1D48CnpKyWbm+6w=":{"valueMac":{"type":"Buffer","data":"xE+3Gd2Vg9mK3xvxh3pENwJvMgFvcjW8kJxSKPrP/XM="}},"9WNJLqIBNOLTzPFVGOWvogh5O98YakxdaJOVV5yDKeI=":{"valueMac":{"type":"Buffer","data":"ULNac6hXkk4OCjCj8xktfWpZU2Km7oJOfsPq0034CMU="}},"9xJAtsIBNl5wX0MQvgEaGcJuQ/A/NUzV0eENI8xq9jc=":{"valueMac":{"type":"Buffer","data":"2QZDewJOoIRggg7vY8WAIV5onCHqJx8sec+w71lm75I="}},"90zrA4Ee2AH6vlVgpoAqmKZq4WmeJIG6ZM0SG12lIGs=":{"valueMac":{"type":"Buffer","data":"fA3vJM41Bzf1U+N3lJiJ7kYot3Jqgf0ctN6UWepqhXQ="}},"/B3kS3oYF6+f8p39JPVV2WvFiPXtzg7apHCTbKdg+JI=":{"valueMac":{"type":"Buffer","data":"wCJJjRQIGhHx9p1wyp5yT313rd1+WXvXDhPzvaR004s="}},"9L5MhW4z/p72rVbZj2xOthWJPF9W5G6Jeio7EcOKBPE=":{"valueMac":{"type":"Buffer","data":"wKo9P00kavwiWwE0c6/dqpnW6YicDGceWbew30IV0Ys="}},"Xn4Dr0nhYN7INyj8eBPHkY0dK0pSnCGDkHhnrCkk/zk=":{"valueMac":{"type":"Buffer","data":"uZSArumXFPmBNbpSarv284gPXQh52wgjj9gksm/tIg4="}},"58IXi83kjMs4S7g8DFVflUztdy+OJlCqgmMI1iq04co=":{"valueMac":{"type":"Buffer","data":"NVBDdE+a5kYHhuxx24DT4yQP7o0ZNPG6Sjag/DHHs38="}},"qyv+A3BHSC8Z3UxR6Sc8CVlR4XEJdg87jqlT4AcNQHE=":{"valueMac":{"type":"Buffer","data":"P97LbpERPoXVe+KeNjPs5ST0oAmUMliEPTaL/Ymz2Z8="}},"fuiEcnSMKp4dx6AOiwfrjbD1SsrzxbPdg8ThutKeqTk=":{"valueMac":{"type":"Buffer","data":"9skcGBlbdJoHN/PI/0Otiln7aQnyDBPt8FczhHWAyU4="}},"lORKRM6AQ5aE+yOF/baQmhuDJQ7OCV2xJF2//yaFUxQ=":{"valueMac":{"type":"Buffer","data":"H9s/w6wuqBqd8tgw95n1lDfWyg/tKI58jo5sv1yzqTw="}}}}