{"version":3,"hash":{"type":"Buffer","data":"Xd2se80YPncjaZZ/EAHmaO5lia18kGEwcFS0cMUDmhDnmVu+/qneQ4pxL0ih7GznjFt7zqgwvBIn7smVkUtzN7UTrELB9AoYq44d/2eUNvrwsGAv1EDkiNEGqpuQijCXvbm35bmu9biJP+YorifY179ONLqbCUgdxUnC09C662s="},"indexValueMap":{"0VUnGyVU4mc1HU2Nu+OGd1f4txSCmJUrrISXhGJfyjk=":{"valueMac":{"type":"Buffer","data":"VolOycUXbtx7JOjAftrgDete+xYLqfBEIfPgmCkS2DU="}},"usdpVUeab2SQN4d/mC9iqCoipqacaa1U4NJShpV3iHU=":{"valueMac":{"type":"Buffer","data":"o8/DqHZ7qrYjd+4vRajCi7n45HoAWFI/KTMu1cbPFUs="}}}}