{"version":1,"hash":{"type":"Buffer","data":"oMRwYYsQi3nT6emsuUJw/mG1Vrc4PiegpAFB25VbXwwnWJpihMUEr1sJHomwb2+E+GRarysaOHPzyhKgZfAGqPU1nkOreNgQf0o648pSpElNGrBAcKjOeZMuCLVkeUvwPbx2DzYCqyCAcOurrKWEcQk8tHZAKIxOeEHuiYRSbxU="},"indexValueMap":{"IrdUgyuflpHAiU+zQEt4AEiW9pazO93GM0fM311Tyes=":{"valueMac":{"type":"Buffer","data":"EUVKDvZfnhnKVgHfAILU8yoeYkYVF+xq9OOw6dhUq1o="}},"dEG6Lt3duk5nsY8bxHan3N+AQ5LEkrPSE6q4zJVvsns=":{"valueMac":{"type":"Buffer","data":"wmIeEQYNOgz3H0f1alrp0/GQ6C2XkkBolpLcCi3vYdM="}},"fWXc3oAzp0Sm+An8Vq/x+aO/J9hCy3e7MEvA8k/TBPQ=":{"valueMac":{"type":"Buffer","data":"DmBuZwmUvi3PWScR9y3CXaEbfKBy08UW9onf7ypMV0c="}},"t3HdRqWAkh6UVikVdXNXnCnuClzL/xO3/R3RfPicN/c=":{"valueMac":{"type":"Buffer","data":"+U5zaAHb5mXktSxgN75y+7rsF0QEmirgsfp1XdE/jpU="}}}}