{"noiseKey":{"private":{"type":"Buffer","data":"4MJIySZ0gf+4orY6xQllmRPnbb2MtxFrK3zI50VislU="},"public":{"type":"Buffer","data":"xRVNnWYbownwQXt1Hss/AjO876QNK2qTf9Xprya5bRg="}},"signedIdentityKey":{"private":{"type":"Buffer","data":"4MnzCZgtGp8pgNL4dOJPgP0hQgAXFIxXW/saQezag2g="},"public":{"type":"Buffer","data":"M/sU+Y/soBNWVw3QiUKVISOtw4QbV34dL8OZVuip4zA="}},"signedPreKey":{"keyPair":{"private":{"type":"Buffer","data":"AN/x8jP6QzRtRy9dmStfI/J5DV65OJXW6eXbHNzt61o="},"public":{"type":"Buffer","data":"4uQV2Zz1HUxYEByVgEVr0wOD5T+ual4Zyw1TBbW1JS4="}},"signature":{"type":"Buffer","data":"w7XJcR+3DhO/sRkw9o/OlW/F0bUB8OAoJo7Ujq45BLzTulk0TWw9yQw76FaikMTrZsJjD/PvkHO5FOuptviFgw=="},"keyId":1},"registrationId":224,"advSecretKey":"XGvdb9bFgCG/dLuJBpaqFgA7/9mPGFW0lBNaFvLv1QU=","processedHistoryMessages":[{"key":{"remoteJid":"6285182478223@s.whatsapp.net","fromMe":true,"id":"80FD453EC4D3EBBEAF8D776CE5FB07E4"},"messageTimestamp":1704527305},{"key":{"remoteJid":"6285182478223@s.whatsapp.net","fromMe":true,"id":"24A68504DFBEBF10F09B2A2050AF7251"},"messageTimestamp":1704527307}],"nextPreKeyId":31,"firstUnuploadedPreKeyId":31,"accountSettings":{"unarchiveChats":false},"account":{"details":"CLTx15UEELCL5KwGGAEgACgA","accountSignatureKey":"iw3M75nw3mgmLY9dovcGT3U6ghjei5S7WK5Af9cjPyo=","accountSignature":"hutC7lq94mbpxZ+5iqs6NXB6M/fkauO292SbTTLzHv0+dCTquh5EW/98xd30l/v4LkB0yaCL2upbakr87tiLCA==","deviceSignature":"v2T57xlE0ZGkxWDsVT5qxAQ4Z5eDlkpmweyNGdXk6ohPydVVxXcuCf4GB2V1+6LUqqwsy8YQMO6VLd4FrfxMiA=="},"me":{"id":"6285182478223:1@s.whatsapp.net","name":"Eki2"},"signalIdentities":[{"identifier":{"name":"6285182478223:1@s.whatsapp.net","deviceId":0},"identifierKey":{"type":"Buffer","data":"BYsNzO+Z8N5oJi2PXaL3Bk91OoIY3ouUu1iuQH/XIz8q"}}],"platform":"android","lastAccountSyncTimestamp":1704527292,"myAppStateKeyId":"AAAAAIKv"}