{"noiseKey":{"private":{"type":"Buffer","data":"QJI5X5z4rmSCATvb2AKhXqSrX8f8fGfYxTxSam+Gz3A="},"public":{"type":"Buffer","data":"8G6bdG+pqtaW+NQdLgQScpeqoOxQCICjbzNfY2koY1U="}},"signedIdentityKey":{"private":{"type":"Buffer","data":"0EGVFOneBWtl3RcAM3KL5WtD+aeFjTISkhMh3RMpS3g="},"public":{"type":"Buffer","data":"yO2OlVR3Xq4H48g3Xkwyt9ij3bk4H7XoH6GAx0nQIR8="}},"signedPreKey":{"keyPair":{"private":{"type":"Buffer","data":"6G6t9dvJRb952137gXrgIo5rPe4SVt8I5l+c8xlDmX4="},"public":{"type":"Buffer","data":"T4OWO8ba+/hCWZ6AvqUI/HWI0gyJ4FjgcMIaa2Jp+Bk="}},"signature":{"type":"Buffer","data":"f9eLFCKmDJprOhp91bEBwYQn9d5D6qSeqMdJiXId2xx3TKxdQs9VvXrD2NLVsjkBzuH7p/I2MhZP/9mu36mIjg=="},"keyId":1},"registrationId":132,"advSecretKey":"LzrpRzhSsuUwV8Cfk6G1IttAmHkMW91El/wX1xx2+ro=","processedHistoryMessages":[{"key":{"remoteJid":"6282360507075@s.whatsapp.net","fromMe":true,"id":"0A6E9AEBCB768F1E27FA95F17E4B70ED"},"messageTimestamp":1690013497},{"key":{"remoteJid":"6282360507075@s.whatsapp.net","fromMe":true,"id":"AFDD26A226F54BD3792DFFEA1B1B379A"},"messageTimestamp":1690013500},{"key":{"remoteJid":"6282360507075@s.whatsapp.net","fromMe":true,"id":"A7521DC0347283D82A9363304E45E527"},"messageTimestamp":1690013526}],"nextPreKeyId":31,"firstUnuploadedPreKeyId":31,"accountSyncCounter":1,"accountSettings":{"unarchiveChats":false},"account":{"details":"CKfkm68CEKWe7qUGGAU=","accountSignatureKey":"xD/Jt29wiGp9xZ/Zx4XSSoavaGQBLRmHd8BKW2gi5Hk=","accountSignature":"0L6don9ZJI6LZIJ4JRtOuPh2vW0xxNRWmXYNCFqpEdEYLAtglvsV3Vr+lkZkXUvny0JZ6eo2FeJK+sGVelNcAw==","deviceSignature":"4W4lUcsMh0+Hm+4vAruYyF3NprSOEnFPMZDP6Y4PoHTPOmkpYd3fkt4SpKPCcOxNXn8zxyLUF6s8JYVLyyUigQ=="},"me":{"id":"6282360507075:8@s.whatsapp.net","name":"Bot 2"},"signalIdentities":[{"identifier":{"name":"6282360507075:8@s.whatsapp.net","deviceId":0},"identifierKey":{"type":"Buffer","data":"BcQ/ybdvcIhqfcWf2ceF0kqGr2hkAS0Zh3fASltoIuR5"}}],"platform":"android","lastAccountSyncTimestamp":1690013606,"myAppStateKeyId":"AAAAADrN"}