{"noiseKey":{"private":{"type":"Buffer","data":"SGYgUsAcD+PRv2qFcfSFO9EfFCqRkGczwXne6+EM+Wk="},"public":{"type":"Buffer","data":"Y7ZcenKOIe3kIKf6mGpdDToneEFVMfjs7q7rSptVagg="}},"signedIdentityKey":{"private":{"type":"Buffer","data":"ECFG3S4bEz1ttxATEwUHDWQrjbauYshq+s0tnu+wtU8="},"public":{"type":"Buffer","data":"Mo7qkDAc0jpgwb1u4UFsQtyuWTqSxnYYtEIVuYPirSc="}},"signedPreKey":{"keyPair":{"private":{"type":"Buffer","data":"yONAhzwuvf+X5tXD65QAGR9NohXKNrzARSLfZkrHn20="},"public":{"type":"Buffer","data":"s7UVutg6NFB4I8m3sPup8xqs4teZ7XQAZZ4ReAMICks="}},"signature":{"type":"Buffer","data":"/YfwdZAC9Y3zJDckEd4jJCH0X9/HahQCGAOPBrhyJISrE8nEPdFcsS4hT/drljzdO0Tz7x1IJMNVN0iKycbDiA=="},"keyId":1},"registrationId":35,"advSecretKey":"rQ5uu9qKX4iVUfjklf/CUpND+G1YZk81FdMuf54VFug=","processedHistoryMessages":[{"key":{"remoteJid":"6282360507075@s.whatsapp.net","fromMe":true,"id":"7D7F28B5FC4DBF6861EC13FAD14D4954"},"messageTimestamp":1691478413},{"key":{"remoteJid":"6282360507075@s.whatsapp.net","fromMe":true,"id":"E82D31F3A1B9C08AD8F897A05B9069A3"},"messageTimestamp":1691478413}],"nextPreKeyId":31,"firstUnuploadedPreKeyId":31,"accountSettings":{"unarchiveChats":false},"account":{"details":"CKnkm68CEIfTx6YGGAE=","accountSignatureKey":"xD/Jt29wiGp9xZ/Zx4XSSoavaGQBLRmHd8BKW2gi5Hk=","accountSignature":"A1/W+rKodrVzkTVDURHJE41MGS5IbPNRNwAyC2jNuELO58qCQymMYkm4tnhthq1/05y+42I1RLLsptYbaAHRAw==","deviceSignature":"h91ImaykNtXO7gUm6NUWnTC9UIE8pr8lj9pIypmF/8sXT3DXkGNgU4KAU290m1L8fE645Y+KqaiD2X22cZ0ngw=="},"me":{"id":"6282360507075:9@s.whatsapp.net","name":"Bot 2"},"signalIdentities":[{"identifier":{"name":"6282360507075:9@s.whatsapp.net","deviceId":0},"identifierKey":{"type":"Buffer","data":"BcQ/ybdvcIhqfcWf2ceF0kqGr2hkAS0Zh3fASltoIuR5"}}],"platform":"android","lastAccountSyncTimestamp":1691478522,"myAppStateKeyId":"AAAAADrO"}