{"_sessions":{"BXoq0NRkIGk02AuIS7Ol4Tqekrq/9SfFHb2+1joId/or":{"registrationId":1161404625,"currentRatchet":{"ephemeralKeyPair":{"pubKey":"BTs7IFbpqnpJ5DU3FDs9GzmBZc2fjwFPUdxoeVRo939d","privKey":"MONrjZHTkrlDV7K0eHDmq0kXvy/cFVg6yZJ1ZIijykI="},"lastRemoteEphemeralKey":"BfzFNdkPtFQiXvDmhh/YabTARIRvutcH/PsPbsiajZxh","previousCounter":0,"rootKey":"tXzWqEBap62MndwtG6c23/tZGskPiGv7/dFXwosALtk="},"indexInfo":{"baseKey":"BXoq0NRkIGk02AuIS7Ol4Tqekrq/9SfFHb2+1joId/or","baseKeyType":2,"closed":-1,"used":1691478416956,"created":1691478416956,"remoteIdentityKey":"BcQ/ybdvcIhqfcWf2ceF0kqGr2hkAS0Zh3fASltoIuR5"},"_chains":{"BfzFNdkPtFQiXvDmhh/YabTARIRvutcH/PsPbsiajZxh":{"chainKey":{"counter":0,"key":"3uAHE65fZhb5fB6hpCcXuzYiU25iESavpTktSklXOlk="},"chainType":2,"messageKeys":{}},"BTs7IFbpqnpJ5DU3FDs9GzmBZc2fjwFPUdxoeVRo939d":{"chainKey":{"counter":0,"key":"hPp++hwl/5vvdNpg9X3a8hORfeh7LtQ1PGtGVLr1VeM="},"chainType":1,"messageKeys":{}}}}},"version":"v1"}