{"_sessions":{"BTfZ9aYltKFA7vZmcYEvGoYVhljewhPW4pxy5qL6vs54":{"registrationId":577291328,"currentRatchet":{"ephemeralKeyPair":{"pubKey":"BYh+QDVrS385XfyP7Fh6v2/LQz+oSalYQPgjxMLKzhgP","privKey":"cGvH6Jgfjx5KlTMkHvJfC/bhR8tDhTmVPN5vN/82pVA="},"lastRemoteEphemeralKey":"BZHSqAAg4cWWxI+l60WUmOUuVsDCO2NgDlZJUG5bs4Z6","previousCounter":0,"rootKey":"yIYEa2B7VSNWO4UOsnBvRiyOrg1Vr8iBcoQdae57oQc="},"indexInfo":{"baseKey":"BTfZ9aYltKFA7vZmcYEvGoYVhljewhPW4pxy5qL6vs54","baseKeyType":2,"closed":-1,"used":1690013777831,"created":1690013522031,"remoteIdentityKey":"BZm6CV23T1mlocS5jVSIXbGaI2EuOaqPSFmA5xYeBWgW"},"_chains":{"BSTm0qk/jMjgQnnjzxNO9CubB9w/VNSDjqnivaNjFd8y":{"chainKey":{"counter":1},"chainType":2,"messageKeys":{}},"BVLUa3fpnd150C6bBP9y+S9dzOLo/z26FVTbHKu9iAFy":{"chainKey":{"counter":0},"chainType":2,"messageKeys":{}},"BXPpvYvx0VxnhpPW5DN/Pu6/WE7Tr4/Rw5mpVHLxv9hY":{"chainKey":{"counter":0},"chainType":2,"messageKeys":{}},"BdQrIHreDTFXuTSfUtxBCaZR6Sarsid/8c8/p0mT1EJR":{"chainKey":{"counter":0},"chainType":2,"messageKeys":{}},"BRwaa6A11N6GR2TnXkX1KgkgjRWgAYZqi4C3AXBw/qoQ":{"chainKey":{"counter":0},"chainType":2,"messageKeys":{}},"BUnEN27h8WXUjlgmRrgD5AiTRmJ0dugd1q8D2rKo9gE9":{"chainKey":{"counter":0},"chainType":2,"messageKeys":{}},"BeZmnSamsXeI1JLQbQ5Pj6LYAQQSUPB6hXw2bvuiChZp":{"chainKey":{"counter":0},"chainType":2,"messageKeys":{}},"BZSy2KMIAPOV2T8tOWf60IAsAIFDmIOc+up5aLfgefYv":{"chainKey":{"counter":0},"chainType":2,"messageKeys":{}},"BQ4RupeF5ykASM0cxFdMw570uwpzLd6JjDXvnr6HxGYe":{"chainKey":{"counter":0},"chainType":2,"messageKeys":{}},"BZHSqAAg4cWWxI+l60WUmOUuVsDCO2NgDlZJUG5bs4Z6":{"chainKey":{"counter":0,"key":"7d+0XTuqqJUTzAjUePSNU8tqP5YPdrMZPzmst64piao="},"chainType":2,"messageKeys":{}},"BYh+QDVrS385XfyP7Fh6v2/LQz+oSalYQPgjxMLKzhgP":{"chainKey":{"counter":0,"key":"eujpJBHQkXRL6hWj35nlSn4tDgvFsCmGYLTSVMTy55w="},"chainType":1,"messageKeys":{}}}}},"version":"v1"}