{"_sessions":{"BR20rGacCv0YS+qCGHtqV4qeV9P6d1Iy6RVDdogW9xw1":{"registrationId":1161404625,"currentRatchet":{"ephemeralKeyPair":{"pubKey":"BRHS4cnbUZrHUWKoSjPjAN8LWIJJjdRPCiz5oFiz2MpA","privKey":"IPDiog5ZZFGMpcZtft7m8UNjUZ8YOLDKzV2K5O0AEGk="},"lastRemoteEphemeralKey":"BZLEMkSozYlAvSRKt7yKBzoKivHh+72JUi4SS1AR+dBO","previousCounter":0,"rootKey":"rmOrPjdKZgeWL52pvXu7aLU4pjgNQO6WfZ98Q8PGulk="},"indexInfo":{"baseKey":"BR20rGacCv0YS+qCGHtqV4qeV9P6d1Iy6RVDdogW9xw1","baseKeyType":2,"closed":-1,"used":1690013500313,"created":1690013500313,"remoteIdentityKey":"BcQ/ybdvcIhqfcWf2ceF0kqGr2hkAS0Zh3fASltoIuR5"},"_chains":{"BZLEMkSozYlAvSRKt7yKBzoKivHh+72JUi4SS1AR+dBO":{"chainKey":{"counter":6,"key":"CTfYYTC/w+0qy3fSuA/zNHQc7qWw5lRXStAS69pku00="},"chainType":2,"messageKeys":{}},"BRHS4cnbUZrHUWKoSjPjAN8LWIJJjdRPCiz5oFiz2MpA":{"chainKey":{"counter":21,"key":"J9tPjvwAQSOaw7QyLPS4qyEeezvQ3mRrqTB+v+l7zOw="},"chainType":1,"messageKeys":{}}}}},"version":"v1"}