{"_sessions":{"BQpr0Evd+b2zjOmqtNrkm/NUFnNW0bDaBOfQEqicw+dV":{"registrationId":1139050811,"currentRatchet":{"ephemeralKeyPair":{"pubKey":"Bcq2q/UVpfEjg2wD4Vw4xnZ8W4cya+ZJ8TLnmFfz47M8","privKey":"4LhNIbNpvKElXw6tKDmahyenD9NswNEGAn11gGlcHkE="},"lastRemoteEphemeralKey":"BYJXLtOVj9P8z6mlTjRtagP9FMv65JzwY3KXnrH91KZw","previousCounter":0,"rootKey":"WApAV7kISBMJaILUi76SiJJzvyKQ3XOGgYmmvj6H01s="},"indexInfo":{"baseKey":"BQpr0Evd+b2zjOmqtNrkm/NUFnNW0bDaBOfQEqicw+dV","baseKeyType":2,"closed":-1,"used":1704527307020,"created":1704527307020,"remoteIdentityKey":"BfovM3LKVfd+pHh0CIX3ixfcaXQXGowx4t4Uo+azKrg2"},"_chains":{"BYJXLtOVj9P8z6mlTjRtagP9FMv65JzwY3KXnrH91KZw":{"chainKey":{"counter":0,"key":"bH5lyPSQo71TzPosZH7DN83+9DsZC27+kLQYclpoCjo="},"chainType":2,"messageKeys":{}},"Bcq2q/UVpfEjg2wD4Vw4xnZ8W4cya+ZJ8TLnmFfz47M8":{"chainKey":{"counter":0,"key":"4DmOyMh3tcfBdiznY4kpJ29eUZnF4xuOckVaU2W+5hc="},"chainType":1,"messageKeys":{}}}}},"version":"v1"}