{"_sessions":{"BX17ARXcTRBZQ0cMb9bdh/R6uVMasX+8BORcIi/YS4RD":{"registrationId":102,"currentRatchet":{"ephemeralKeyPair":{"pubKey":"Bb2lLIReZYfkHM+j/BVQfC1kZpKF4i5ZDQMiUdvXMf5z","privKey":"WNWky2EKzgCKmSlTXfqGWnexz6RCVtvtiM/gQweUiG4="},"lastRemoteEphemeralKey":"BXZwL6KvN0Ut98zFVIxHltAvalET4oSffOwKe0lc/54l","previousCounter":0,"rootKey":"BkXK7i1GmaPmGXMee141mXEi79IB+48tyAHrm6eg/24="},"indexInfo":{"baseKey":"BX17ARXcTRBZQ0cMb9bdh/R6uVMasX+8BORcIi/YS4RD","baseKeyType":1,"closed":-1,"used":1690013545828,"created":1690013545828,"remoteIdentityKey":"BcYEzfttDz/BS+XePNtnY8qoWi1DaSS56BhwhI+8YLAe"},"_chains":{"Bb2lLIReZYfkHM+j/BVQfC1kZpKF4i5ZDQMiUdvXMf5z":{"chainKey":{"counter":21,"key":"F76TuLIJKc3qThZHCC360TJD36aVGATPqLUV/mo7GXA="},"chainType":1,"messageKeys":{}}},"pendingPreKey":{"signedKeyId":1,"baseKey":"BX17ARXcTRBZQ0cMb9bdh/R6uVMasX+8BORcIi/YS4RD","preKeyId":9}}},"version":"v1"}