{"_sessions":{"BU4virSm+/48aY2dNQHwAzN76Tn+b2O8qui0QxYNjydw":{"registrationId":533134246,"currentRatchet":{"ephemeralKeyPair":{"pubKey":"BUi8UzfdcJUqplBBAPv+wWapcDRjQ2GEBkabGNxIXgtE","privKey":"eB5KZqF5tOjwc2jvFTc/Fb4+TgCuVkt20d/ML2kqiWQ="},"lastRemoteEphemeralKey":"BdqCtm8btBHcan0hop+elNSnZCki1qmLIGRStxr+XChA","previousCounter":0,"rootKey":"3qtvqdJcCppMRd/QHY+ITnO1FBqgjvVV2wnPR5BTj3E="},"indexInfo":{"baseKey":"BU4virSm+/48aY2dNQHwAzN76Tn+b2O8qui0QxYNjydw","baseKeyType":2,"closed":-1,"used":1704527302980,"created":1704527302980,"remoteIdentityKey":"BYsNzO+Z8N5oJi2PXaL3Bk91OoIY3ouUu1iuQH/XIz8q"},"_chains":{"BdqCtm8btBHcan0hop+elNSnZCki1qmLIGRStxr+XChA":{"chainKey":{"counter":5,"key":"bi/vCN6SH+/28UBDUTQjf+jJsg7GdlYICKcOUBmy4HU="},"chainType":2,"messageKeys":{"1":"q8BbCvnh5oj6F64cv81tm7ooIxY/T6pNiP28aeUiRRE="}},"BUi8UzfdcJUqplBBAPv+wWapcDRjQ2GEBkabGNxIXgtE":{"chainKey":{"counter":0,"key":"M4GQfBlgPKmN7nISGHk2FCZQmZQkmaZ2pAK5uUcy60M="},"chainType":1,"messageKeys":{}}}}},"version":"v1"}