{"_sessions":{"BRT0c+qt3UFMF7UH99vcoI8xkdU0ApDN9fdDBFY8gR97":{"registrationId":577291328,"currentRatchet":{"ephemeralKeyPair":{"pubKey":"BZqyn0gxruKK5sJs5o8e90DPA7CYR53wnufI0agfBDYB","privKey":"WNatSUCsUAtn+3N75VzkdYFSXsEsGO6sD31K5/vES1k="},"lastRemoteEphemeralKey":"BeSpMvt2QBmLjbfxTKxvSREzU636BU1+OmxNip57z/JI","previousCounter":0,"rootKey":"oyFhNB9Lvq9eXgEiqLQrSLllJu+OAWnx7CjosJXae68="},"indexInfo":{"baseKey":"BRT0c+qt3UFMF7UH99vcoI8xkdU0ApDN9fdDBFY8gR97","baseKeyType":2,"closed":-1,"used":1691478521215,"created":1691478439741,"remoteIdentityKey":"BZm6CV23T1mlocS5jVSIXbGaI2EuOaqPSFmA5xYeBWgW"},"_chains":{"BX5druCsxZsWQdAEieoXao5mC4FaGB1S6LA7RMRFwI0p":{"chainKey":{"counter":0},"chainType":2,"messageKeys":{}},"BeSpMvt2QBmLjbfxTKxvSREzU636BU1+OmxNip57z/JI":{"chainKey":{"counter":2,"key":"MWuG0ngJXF5b1H1Wqe819vLGXjJHUebHvhsMHeYg5WQ="},"chainType":2,"messageKeys":{}},"BZqyn0gxruKK5sJs5o8e90DPA7CYR53wnufI0agfBDYB":{"chainKey":{"counter":-1,"key":"4AUZMRy3A23o3FSc5JTNTdVWC3uFw5/B4jszRNnEPHE="},"chainType":1,"messageKeys":{}}}}},"version":"v1"}